{"cameraMode":{"drawMode":0,"name":"Shaded","section":"Shading Mode"},"sceneLighting":false,"audioPlay":false,"sceneViewState":{"showFog":true,"showMaterialUpdate":false,"showSkybox":false,"showFlares":true,"showImageEffects":true,"showParticleSystems":true},"in2DMode":false,"pivot":{"x":-0.3574810028076172,"y":-7.128398895263672,"z":-1.0571537017822266},"rotation":{"x":0.41949883103370669,"y":0.21309567987918855,"z":-0.1019919216632843,"w":0.8764757513999939},"size":49.77596664428711,"orthographic":false}