{"count":1,"self":1.3213679999999999,"total":4.5480016,"children":{"AgentResetIfDone":{"count":86,"self":0.0059340999999999994,"total":0.0059340999999999994,"children":null},"AgentSendState":{"count":86,"self":0.0329222,"total":0.1387067,"children":{"CollectObservations":{"count":1548,"self":0.10578449999999999,"total":0.10578449999999999,"children":null}}},"DecideAction":{"count":86,"self":3.0800502,"total":3.0800502,"children":null},"AcademyStep":{"count":86,"self":0,"total":0,"children":null},"AgentAct":{"count":86,"self":0,"total":0,"children":null}}}