{"count":1,"self":8.8625928,"total":28.470578999999997,"children":{"AgentResetIfDone":{"count":746,"self":0.019601,"total":0.019601,"children":null},"AgentSendState":{"count":746,"self":0.306998,"total":0.814199,"children":{"CollectObservations":{"count":13428,"self":0.507201,"total":0.507201,"children":null}}},"DecideAction":{"count":746,"self":18.7469376,"total":18.746937,"children":null},"AcademyStep":{"count":746,"self":0.011075999999999999,"total":0.011075999999999999,"children":null},"AgentAct":{"count":746,"self":0.014988999999999999,"total":0.014988999999999999,"children":null}}}