{"cameraMode":{"drawMode":0,"name":"Shaded","section":"Shading Mode"},"sceneLighting":true,"audioPlay":false,"sceneViewState":{"showFog":true,"showMaterialUpdate":false,"showSkybox":true,"showFlares":true,"showImageEffects":true,"showParticleSystems":true},"in2DMode":false,"pivot":{"x":74.12200927734375,"y":-56.125633239746097,"z":-3.8447113037109377},"rotation":{"x":0.41456228494644167,"y":-0.17773106694221497,"z":0.08291415870189667,"w":0.8886426091194153},"size":227.63055419921876,"orthographic":false}