{"count":1,"gauges":{},"self":5938.5647104,"total":8365.456223,"children":{"AgentResetIfDone":{"count":233001,"self":5.9153328,"total":5.9153329999999995,"children":null},"AgentSendState":{"count":233001,"self":55.8152256,"total":163.952146,"children":{"CollectObservations":{"count":2097765,"self":108.1369216,"total":108.136921,"children":null}}},"DecideAction":{"count":233001,"self":1138.116096,"total":1790.9408079999998,"children":{"AgentInfo.ToProto":{"count":466002,"self":652.82467839999993,"total":652.82468,"children":null}}},"AcademyStep":{"count":233001,"self":3.8737207999999996,"total":3.8737209999999997,"children":null},"AgentAct":{"count":233001,"self":462.20846079999995,"total":462.20847699999996,"children":null}}}