{"count":1,"gauges":{},"self":13.784604799999999,"total":15.709477,"children":{"AgentResetIfDone":{"count":771,"self":0.044149,"total":0.044149,"children":null},"AgentSendState":{"count":771,"self":0.621804,"total":1.772916,"children":{"CollectObservations":{"count":13878,"self":1.151112,"total":1.151112,"children":null}}},"DecideAction":{"count":771,"self":0.042409999999999996,"total":0.042409999999999996,"children":null},"AcademyStep":{"count":771,"self":0.028714999999999997,"total":0.028714999999999997,"children":null},"AgentAct":{"count":771,"self":0.035809,"total":0.035809,"children":null}}}