{"count":1,"gauges":{},"self":1.482737,"total":9.555591999999999,"children":{"AgentResetIfDone":{"count":451,"self":0.008838,"total":0.008838,"children":null},"AgentSendState":{"count":451,"self":0.185379,"total":0.49075799999999997,"children":{"CollectObservations":{"count":8118,"self":0.305379,"total":0.305379,"children":null}}},"DecideAction":{"count":451,"self":5.3134448,"total":7.556184,"children":{"AgentInfo.ToProto":{"count":902,"self":2.242739,"total":2.242739,"children":null}}},"AcademyStep":{"count":451,"self":0.0069349999999999993,"total":0.0069349999999999993,"children":null},"AgentAct":{"count":451,"self":0.009259,"total":0.009259,"children":null}}}