{"cameraMode":{"drawMode":0,"name":"Shaded","section":"Shading Mode"},"sceneLighting":true,"audioPlay":false,"sceneViewState":{"showFog":true,"showMaterialUpdate":false,"showSkybox":true,"showFlares":true,"showImageEffects":true,"showParticleSystems":true},"in2DMode":false,"pivot":{"x":5.895908832550049,"y":14.304178237915039,"z":-37.09342956542969},"rotation":{"x":-0.283233106136322,"y":0.4596027731895447,"z":-0.15742595493793488,"w":-0.8268986940383911},"size":1545.79052734375,"orthographic":false}