{"count":1,"gauges":{},"self":107.0362432,"total":204.3825302,"children":{"AgentResetIfDone":{"count":9945,"self":0.0737085,"total":0.0737085,"children":null},"AgentSendState":{"count":9945,"self":0.1011637,"total":0.1542551,"children":{"CollectObservations":{"count":9945,"self":0.0530914,"total":0.0530914,"children":null}}},"DecideAction":{"count":9945,"self":0.0719563,"total":0.0719563,"children":null},"AcademyStep":{"count":9945,"self":0.030422499999999998,"total":0.030422499999999998,"children":null},"AgentAct":{"count":9945,"self":97.0129472,"total":97.012945899999991,"children":null}}}