{"count":1,"gauges":{},"self":2420.5068287999998,"total":11944.218090999999,"children":{"AgentResetIfDone":{"count":1139951,"self":25.620952,"total":25.6209521,"children":null},"AgentSendState":{"count":1139951,"self":57.7007616,"total":802.4141402,"children":{"CollectObservations":{"count":1139951,"self":744.7133696,"total":744.71337959999994,"children":null}}},"DecideAction":{"count":1139951,"self":5333.8759168,"total":6076.0545465999994,"children":{"AgentInfo.ToProto":{"count":1139951,"self":742.1787648,"total":742.1787517,"children":null}}},"AcademyStep":{"count":1139951,"self":9.7527176,"total":9.7527175,"children":null},"AgentAct":{"count":1139951,"self":2609.8655232,"total":2609.8655177,"children":null}}}