{"count":1,"gauges":{},"self":21.981704,"total":354.2372612,"children":{"AgentResetIfDone":{"count":32051,"self":0.5112268,"total":0.5112268,"children":null},"AgentSendState":{"count":32051,"self":1.8836515999999999,"total":24.2801777,"children":{"CollectObservations":{"count":32051,"self":22.3965264,"total":22.3965261,"children":null}}},"DecideAction":{"count":32051,"self":206.47496959999998,"total":229.8215754,"children":{"AgentInfo.ToProto":{"count":32051,"self":23.346604799999998,"total":23.3466052,"children":null}}},"AcademyStep":{"count":32051,"self":0.3172645,"total":0.3172645,"children":null},"AgentAct":{"count":32051,"self":77.3223232,"total":77.3223209,"children":null}}}