{"cameraMode":{"drawMode":0,"name":"Shaded","section":"Shading Mode"},"sceneLighting":true,"audioPlay":false,"sceneViewState":{"showFog":true,"showMaterialUpdate":false,"showSkybox":true,"showFlares":true,"showImageEffects":true,"showParticleSystems":true},"in2DMode":false,"pivot":{"x":102.09298706054688,"y":-93.90152740478516,"z":-19.641029357910158},"rotation":{"x":0.42003023624420168,"y":0.00871309731155634,"z":-0.004033567849546671,"w":0.9074593186378479},"size":153.04241943359376,"orthographic":false}