{"cameraMode":{"drawMode":0,"name":"Shaded","section":"Shading Mode"},"sceneLighting":true,"audioPlay":false,"sceneViewState":{"showFog":true,"showMaterialUpdate":false,"showSkybox":true,"showFlares":true,"showImageEffects":true,"showParticleSystems":true},"in2DMode":false,"pivot":{"x":-24.545654296875,"y":-37.99494171142578,"z":43.263282775878909},"rotation":{"x":-0.4077596962451935,"y":-0.0019187473226338626,"z":0.0008573082159273326,"w":-0.9130869507789612},"size":110.80921936035156,"orthographic":false}