{"count":1,"self":3.093687,"total":10.469676,"children":{"AgentResetIfDone":{"count":233,"self":0.006927,"total":0.006927,"children":null},"AgentSendState":{"count":233,"self":0.10454999999999999,"total":0.289024,"children":{"CollectObservations":{"count":4194,"self":0.184474,"total":0.184474,"children":null}}},"DecideAction":{"count":233,"self":7.0692888,"total":7.0692889999999995,"children":null},"AcademyStep":{"count":233,"self":0.004214,"total":0.004214,"children":null},"AgentAct":{"count":233,"self":0.0053809999999999995,"total":0.0053809999999999995,"children":null}}}