{"count":1,"self":5.1164312,"total":53.926967,"children":{"AgentResetIfDone":{"count":7451,"self":0.140102,"total":0.140102,"children":null},"AgentSendState":{"count":7451,"self":3.1499989999999998,"total":8.221575,"children":{"CollectObservations":{"count":134118,"self":5.0715759999999994,"total":5.0715759999999994,"children":null}}},"DecideAction":{"count":7451,"self":39.346528,"total":40.194379,"children":{"AgentInfo.ToProto":{"count":7451,"self":0.84785,"total":0.84785,"children":null}}},"AcademyStep":{"count":7451,"self":0.11212699999999999,"total":0.11212699999999999,"children":null},"AgentAct":{"count":7451,"self":0.141326,"total":0.141326,"children":null}}}