{"count":1,"gauges":{},"self":123.82145279999999,"total":290.489329,"children":{"AgentResetIfDone":{"count":94134,"self":4.8130619999999995,"total":4.8130619999999995,"children":null},"AgentSendState":{"count":94134,"self":6.403042,"total":14.118298,"children":{"CollectObservations":{"count":169452,"self":7.7152559999999992,"total":7.7152559999999992,"children":null}}},"DecideAction":{"count":94134,"self":83.481951999999993,"total":144.187825,"children":{"AgentInfo.ToProto":{"count":18828,"self":60.7058688,"total":60.705870999999995,"children":null}}},"AcademyStep":{"count":94134,"self":1.659343,"total":1.659343,"children":null},"AgentAct":{"count":94134,"self":1.888024,"total":1.888024,"children":null}}}