{"count":1,"self":7.2239087999999994,"total":7.665641,"children":{"AgentResetIfDone":{"count":350,"self":0.010492999999999999,"total":0.010492999999999999,"children":null},"AgentSendState":{"count":350,"self":0.13511399999999998,"total":0.404702,"children":{"CollectObservations":{"count":6300,"self":0.269588,"total":0.269588,"children":null}}},"DecideAction":{"count":350,"self":0.010303,"total":0.010303,"children":null},"AcademyStep":{"count":350,"self":0.0063019999999999994,"total":0.0063019999999999994,"children":null},"AgentAct":{"count":350,"self":0.00789,"total":0.00789,"children":null}}}