{"count":1,"self":4.483754,"total":4.866701,"children":{"AgentResetIfDone":{"count":7947,"self":0.028425,"total":0.028425,"children":null},"AgentSendState":{"count":7947,"self":0.059911,"total":0.246603,"children":{"CollectObservations":{"count":14310,"self":0.186692,"total":0.186692,"children":null}}},"DecideAction":{"count":7947,"self":0.059893999999999996,"total":0.059893999999999996,"children":null},"AcademyStep":{"count":7947,"self":0.017658,"total":0.017658,"children":null},"AgentAct":{"count":7947,"self":0.028477,"total":0.028477,"children":null}}}