{"count":1,"gauges":{},"self":1.429514,"total":1.555067,"children":{"AgentResetIfDone":{"count":70,"self":0.0028499999999999997,"total":0.0028499999999999997,"children":null},"AgentSendState":{"count":70,"self":0.037135,"total":0.115034,"children":{"CollectObservations":{"count":1260,"self":0.077899,"total":0.077899,"children":null}}},"DecideAction":{"count":70,"self":0.002642,"total":0.002642,"children":null},"AcademyStep":{"count":70,"self":0.001728,"total":0.001728,"children":null},"AgentAct":{"count":70,"self":0.0023409999999999998,"total":0.0023409999999999998,"children":null}}}