{"count":1,"gauges":{},"self":29824.7159808,"total":39459.29752,"children":{"AgentResetIfDone":{"count":6098967,"self":152.58635519999999,"total":152.586352,"children":null},"AgentSendState":{"count":6098967,"self":362.8097792,"total":864.021665,"children":{"CollectObservations":{"count":10978146,"self":501.211904,"total":501.21189699999996,"children":null}}},"DecideAction":{"count":6098967,"self":4975.5779072,"total":8406.656952,"children":{"AgentInfo.ToProto":{"count":1219794,"self":3431.078912,"total":3431.078958,"children":null}}},"AcademyStep":{"count":6098967,"self":95.6057792,"total":95.605781999999991,"children":null},"AgentAct":{"count":6098967,"self":115.7083904,"total":115.70839099999999,"children":null}}}