{"count":1,"gauges":{},"self":1415.109632,"total":4124.641296,"children":{"AgentResetIfDone":{"count":1736267,"self":53.9555648,"total":53.955565,"children":null},"AgentSendState":{"count":1736267,"self":103.0988608,"total":247.81104599999998,"children":{"CollectObservations":{"count":3125286,"self":144.712192,"total":144.712186,"children":null}}},"DecideAction":{"count":1736267,"self":1385.0919936,"total":2347.705308,"children":{"AgentInfo.ToProto":{"count":347254,"self":962.6133504,"total":962.613352,"children":null}}},"AcademyStep":{"count":1736267,"self":27.3674336,"total":27.367435,"children":null},"AgentAct":{"count":1736267,"self":32.6912352,"total":32.691234,"children":null}}}