{"count":1,"gauges":{},"self":6.3848151999999994,"total":6.7515659999999995,"children":{"AgentResetIfDone":{"count":330,"self":0.008504,"total":0.008504,"children":null},"AgentSendState":{"count":330,"self":0.11173899999999999,"total":0.33761199999999997,"children":{"CollectObservations":{"count":5940,"self":0.225873,"total":0.225873,"children":null}}},"DecideAction":{"count":330,"self":0.008015,"total":0.008015,"children":null},"AcademyStep":{"count":330,"self":0.005227,"total":0.005227,"children":null},"AgentAct":{"count":330,"self":0.006397,"total":0.006397,"children":null}}}