{"count":1,"self":1.503628,"total":4.032933,"children":{"AgentResetIfDone":{"count":96,"self":0.002668,"total":0.002668,"children":null},"AgentSendState":{"count":96,"self":0.043489,"total":0.114814,"children":{"CollectObservations":{"count":1728,"self":0.071325,"total":0.071325,"children":null}}},"DecideAction":{"count":96,"self":2.407094,"total":2.407094,"children":null},"AcademyStep":{"count":96,"self":0.0015739999999999999,"total":0.0015739999999999999,"children":null},"AgentAct":{"count":96,"self":0.002209,"total":0.002209,"children":null}}}