{"count":1,"gauges":{},"self":8456.3525632,"total":34947.5560156,"children":{"AgentResetIfDone":{"count":1333017,"self":66.2732736,"total":66.2732734,"children":null},"AgentSendState":{"count":1333017,"self":147.4166784,"total":1774.5008655,"children":{"CollectObservations":{"count":1333017,"self":1627.0841856,"total":1627.0841845,"children":null}}},"DecideAction":{"count":1333017,"self":19356.0231936,"total":21393.4589437,"children":{"AgentInfo.ToProto":{"count":1333017,"self":2037.4353919999999,"total":2037.4353976999998,"children":null}}},"AcademyStep":{"count":1333017,"self":22.1408736,"total":22.140873199999998,"children":null},"AgentAct":{"count":1333017,"self":3234.8223488,"total":3234.8223289999996,"children":null}}}