{"count":1,"gauges":{},"self":18.6114496,"total":28.2656317,"children":{"AgentResetIfDone":{"count":3101,"self":0.090346799999999991,"total":0.090346799999999991,"children":null},"AgentSendState":{"count":3101,"self":0.1323726,"total":3.2131319,"children":{"CollectObservations":{"count":3101,"self":3.0807591999999997,"total":3.0807593,"children":null}}},"DecideAction":{"count":266,"self":5.6387364,"total":5.9172635,"children":{"AgentInfo.ToProto":{"count":266,"self":0.27852699999999997,"total":0.27852699999999997,"children":null}}},"AcademyStep":{"count":266,"self":0.0018667,"total":0.0018667,"children":null},"AgentAct":{"count":266,"self":0.429388,"total":0.429388,"children":null}}}