{"count":1,"gauges":{},"self":0.6414266,"total":13.980527299999999,"children":{"AgentResetIfDone":{"count":51,"self":0.0010402,"total":0.0010402,"children":null},"AgentSendState":{"count":51,"self":0.0036022,"total":0.0046548,"children":{"CollectObservations":{"count":51,"self":0.0010525999999999999,"total":0.0010525999999999999,"children":null}}},"DecideAction":{"count":51,"self":13.1275584,"total":13.1736931,"children":{"AgentInfo.ToProto":{"count":51,"self":0.0067223,"total":0.046134499999999995,"children":{"TexSensor.GetCompressedObservation":{"count":52,"self":0.0394122,"total":0.0394122,"children":null}}}}},"AcademyStep":{"count":50,"self":0.0010195999999999998,"total":0.0010195999999999998,"children":null},"AgentAct":{"count":50,"self":0.15714519999999998,"total":0.15714519999999998,"children":null}}}