{"count":1,"gauges":{},"self":1148.26496,"total":9530.0033852,"children":{"AgentResetIfDone":{"count":873584,"self":11.7405416,"total":11.7405417,"children":null},"AgentSendState":{"count":873584,"self":30.716976,"total":35.9502563,"children":{"CollectObservations":{"count":873584,"self":5.2332795999999995,"total":5.2332795,"children":null}}},"DecideAction":{"count":873584,"self":6169.1891712,"total":6939.4498605,"children":{"AgentInfo.ToProto":{"count":873584,"self":47.648617599999994,"total":770.26052659999993,"children":{"TexSensor.GetCompressedObservation":{"count":873585,"self":722.6119168,"total":722.61190749999992,"children":null}}}}},"AcademyStep":{"count":873583,"self":4.6895316,"total":4.6895316,"children":null},"AgentAct":{"count":873583,"self":1389.9072512,"total":1389.90725,"children":null}}}