{"count":1,"gauges":{},"self":6.3672103999999994,"total":71.3149792,"children":{"AgentResetIfDone":{"count":4567,"self":0.18021859999999998,"total":0.18021859999999998,"children":null},"AgentSendState":{"count":4567,"self":0.2182061,"total":2.6717929,"children":{"CollectObservations":{"count":4567,"self":2.4535868,"total":2.4535868,"children":null}}},"DecideAction":{"count":4567,"self":36.6987424,"total":36.8599585,"children":{"AgentInfo.ToProto":{"count":4567,"self":0.161217,"total":0.161217,"children":null}}},"AcademyStep":{"count":4567,"self":0.0213888,"total":0.0213888,"children":null},"AgentAct":{"count":4567,"self":25.2128464,"total":25.212847,"children":null}}}