{"count":1,"gauges":{},"self":5.9794452,"total":178.70230529999998,"children":{"AgentResetIfDone":{"count":12334,"self":0.12128359999999999,"total":0.12128359999999999,"children":null},"AgentSendState":{"count":12334,"self":2.4940776,"total":69.4425181,"children":{"CollectObservations":{"count":74004,"self":66.9484416,"total":66.9484406,"children":null}}},"DecideAction":{"count":12334,"self":77.927488,"total":78.5231131,"children":{"AgentInfo.ToProto":{"count":12334,"self":0.5956247,"total":0.5956247,"children":null}}},"AcademyStep":{"count":12334,"self":0.0583065,"total":0.0583065,"children":null},"AgentAct":{"count":12334,"self":24.5760752,"total":24.576075499999998,"children":null}}}