{"count":1,"gauges":{},"self":40.6102272,"total":53.893667699999995,"children":{"AgentResetIfDone":{"count":2658,"self":0.063915699999999992,"total":0.063915699999999992,"children":null},"AgentSendState":{"count":2658,"self":0.1181459,"total":2.9358334,"children":{"CollectObservations":{"count":2658,"self":2.8176875999999997,"total":2.8176875,"children":null}}},"DecideAction":{"count":2658,"self":0.075147999999999993,"total":0.075147999999999993,"children":null},"AcademyStep":{"count":2658,"self":0.037966799999999995,"total":0.037966799999999995,"children":null},"AgentAct":{"count":2658,"self":10.1675776,"total":10.1675778,"children":null}}}