{"count":1,"gauges":{},"self":95.9499264,"total":1191.0853631,"children":{"AgentResetIfDone":{"count":36167,"self":2.1446168,"total":2.1446167,"children":null},"AgentSendState":{"count":36167,"self":4.8844392,"total":171.7810525,"children":{"CollectObservations":{"count":36167,"self":166.8966144,"total":166.8966131,"children":null}}},"DecideAction":{"count":36167,"self":684.4261888,"total":749.38508029999991,"children":{"AgentInfo.ToProto":{"count":36167,"self":64.9588864,"total":64.9588854,"children":null}}},"AcademyStep":{"count":36167,"self":0.812769,"total":0.812769,"children":null},"AgentAct":{"count":36167,"self":171.00591359999999,"total":171.0059143,"children":null}}}