{"count":1,"gauges":{},"self":11.888708,"total":827.8728676,"children":{"AgentResetIfDone":{"count":24617,"self":0.24903219999999998,"total":0.24903219999999998,"children":null},"AgentSendState":{"count":24617,"self":6.5753996,"total":192.42959929999998,"children":{"CollectObservations":{"count":196936,"self":185.8541952,"total":185.85419969999998,"children":null}}},"DecideAction":{"count":24617,"self":154.1192704,"total":155.4482196,"children":{"AgentInfo.ToProto":{"count":24617,"self":1.3289480999999999,"total":1.3289480999999999,"children":null}}},"AcademyStep":{"count":24617,"self":0.1675124,"total":0.1675124,"children":null},"AgentAct":{"count":24617,"self":467.68829439999996,"total":467.68828149999996,"children":null}}}