{"count":1,"gauges":{},"self":0.5644314,"total":14.5535552,"children":{"AgentResetIfDone":{"count":134,"self":0.0030177999999999997,"total":0.0030177999999999997,"children":null},"AgentSendState":{"count":134,"self":0.0392925,"total":0.8474007,"children":{"CollectObservations":{"count":1072,"self":0.80810819999999994,"total":0.80810819999999994,"children":null}}},"DecideAction":{"count":134,"self":10.7999184,"total":10.8116854,"children":{"AgentInfo.ToProto":{"count":134,"self":0.0117666,"total":0.0117666,"children":null}}},"AcademyStep":{"count":134,"self":1.3399999999999999E-05,"total":1.3399999999999999E-05,"children":null},"AgentAct":{"count":134,"self":2.326006,"total":2.326006,"children":null}}}