{"count":1,"gauges":{},"self":3.2203551999999998,"total":21.0007441,"children":{"AgentResetIfDone":{"count":668,"self":0.0089997,"total":0.0089997,"children":null},"AgentSendState":{"count":668,"self":0.028046699999999997,"total":1.4271364,"children":{"CollectObservations":{"count":668,"self":1.3990897,"total":1.3990897,"children":null}}},"DecideAction":{"count":668,"self":0.4787243,"total":0.4787243,"children":null},"AcademyStep":{"count":668,"self":0.0099857,"total":0.0099857,"children":null},"AgentAct":{"count":668,"self":15.852528,"total":15.8525282,"children":null}}}