{"count":1,"gauges":{},"self":6.3562104,"total":32.7867658,"children":{"AgentResetIfDone":{"count":1555,"self":0.017069,"total":0.017069,"children":null},"AgentSendState":{"count":1555,"self":0.042023399999999995,"total":1.7931354,"children":{"CollectObservations":{"count":1555,"self":1.751112,"total":1.751112,"children":null}}},"DecideAction":{"count":1555,"self":0.5958719,"total":0.5958719,"children":null},"AcademyStep":{"count":1555,"self":0.0104352,"total":0.0104352,"children":null},"AgentAct":{"count":1555,"self":24.0129952,"total":24.012994499999998,"children":null}}}