{"count":1,"gauges":{"NeosAgent.CumulativeReward":{"count":245,"max":0,"min":0,"value":0,"weightedAverage":0}},"self":359.504128,"total":41405.0113864,"children":{"AgentSendState":{"count":367651,"self":14.840207999999999,"total":1540.0395265,"children":{"CollectObservations":{"count":367651,"self":693.62708479999992,"total":693.6270663,"children":null},"CollectDiscreteActionMasks":{"count":367651,"self":0.7703519,"total":0.7703519,"children":null},"AgentInfo.ToProto":{"count":367651,"self":5.1732911999999995,"total":830.80190039999991,"children":{"GenerateSensorData":{"count":367651,"self":825.62862079999991,"total":825.628609,"children":null}}}}},"DecideAction":{"count":367651,"self":30083.3701888,"total":30083.3714679,"children":null},"AgentAct":{"count":367651,"self":9421.6798208,"total":9422.0881603,"children":{"AgentInfo.ToProto":{"count":245,"self":0.0030915,"total":0.4086527,"children":{"GenerateSensorData":{"count":245,"self":0.40556119999999996,"total":0.40556119999999996,"children":null}}}}}}}