{"count":1,"gauges":{},"self":2.5218776,"total":339.10443499999997,"children":{"AgentSendState":{"count":4579,"self":1.5630108999999999,"total":67.6268584,"children":{"CollectObservations":{"count":96159,"self":64.6279296,"total":64.6279306,"children":null},"CollectDiscreteActionMasks":{"count":96159,"self":0.1531197,"total":0.1531197,"children":null},"AgentInfo.ToProto":{"count":96159,"self":0.557313,"total":1.2827971999999999,"children":{"GenerateSensorData":{"count":96159,"self":0.72548419999999991,"total":0.72548419999999991,"children":null}}}}},"DecideAction":{"count":4579,"self":72.1246144,"total":72.1246144,"children":null},"AgentAct":{"count":4579,"self":196.827584,"total":196.82757999999998,"children":null}}}