{"count":1,"gauges":{},"self":0.64209929999999993,"total":45.570998599999996,"children":{"AgentSendState":{"count":1411,"self":2.900082,"total":3.9960153999999997,"children":{"CollectObservations":{"count":1411,"self":1.0919302,"total":1.0919302,"children":null},"CollectDiscreteActionMasks":{"count":1411,"self":0.0040032,"total":0.0040032,"children":null}}},"DecideAction":{"count":1411,"self":0.0030003,"total":0.0030003,"children":null},"AgentAct":{"count":1411,"self":40.9278848,"total":40.927884,"children":null}}}