{"count":1,"gauges":{"NeosAgent.CumulativeReward":{"count":22,"max":0,"min":0,"value":0,"weightedAverage":0}},"self":4.7758888,"total":1461.5233389,"children":{"AgentSendState":{"count":33117,"self":0.8628758,"total":74.7114173,"children":{"CollectObservations":{"count":33117,"self":29.2986336,"total":29.298633,"children":null},"CollectDiscreteActionMasks":{"count":33117,"self":0.0400322,"total":0.0400322,"children":null},"AgentInfo.ToProto":{"count":33117,"self":0.3104327,"total":44.509876299999995,"children":{"GenerateSensorData":{"count":33117,"self":44.1994432,"total":44.199443599999995,"children":null}}}}},"DecideAction":{"count":33117,"self":703.6200448,"total":703.6200281,"children":null},"AgentAct":{"count":33117,"self":678.398464,"total":678.4134225,"children":{"AgentInfo.ToProto":{"count":22,"self":0,"total":0.014947499999999999,"children":{"GenerateSensorData":{"count":22,"self":0.014947499999999999,"total":0.014947499999999999,"children":null}}}}}}}