{"count":1,"gauges":{"NeosAgent.CumulativeReward":{"count":348,"max":0,"min":0,"value":0,"weightedAverage":0}},"self":81.53249919999999,"total":10138.1759761,"children":{"AgentSendState":{"count":522467,"self":9.2588847999999988,"total":1250.5242484999999,"children":{"CollectObservations":{"count":522467,"self":524.0398336,"total":524.0398438,"children":null},"CollectDiscreteActionMasks":{"count":522467,"self":0.7016848,"total":0.7016848,"children":null},"AgentInfo.ToProto":{"count":522467,"self":5.1555808,"total":716.5238349,"children":{"GenerateSensorData":{"count":522467,"self":711.36824319999994,"total":711.3682543,"children":null}}}}},"DecideAction":{"count":522467,"self":7448.8315904,"total":7448.8315523,"children":null},"AgentAct":{"count":522467,"self":1356.9611776,"total":1357.2803841,"children":{"AgentInfo.ToProto":{"count":348,"self":0.0056822999999999995,"total":0.31919949999999997,"children":{"GenerateSensorData":{"count":348,"self":0.3135172,"total":0.3135172,"children":null}}}}}}}