{"count":1,"gauges":{"NeosAgent.CumulativeReward":{"count":995,"max":0,"min":0,"value":0,"weightedAverage":0}},"self":994.1451776,"total":57914.1074428,"children":{"AgentSendState":{"count":1493534,"self":49.0611584,"total":3869.6882137,"children":{"CollectObservations":{"count":1493534,"self":1683.5565568,"total":1683.5565219999999,"children":null},"CollectDiscreteActionMasks":{"count":1493534,"self":2.0769273999999998,"total":2.0769273999999998,"children":null},"AgentInfo.ToProto":{"count":1493534,"self":15.2713936,"total":2134.9936064999997,"children":{"GenerateSensorData":{"count":1493534,"self":2119.7221888,"total":2119.7222128999997,"children":null}}}}},"DecideAction":{"count":1493534,"self":16563.2032768,"total":16563.2031296,"children":null},"AgentAct":{"count":1493534,"self":36486.070272,"total":36487.067234,"children":{"AgentInfo.ToProto":{"count":995,"self":0.0133718,"total":0.9977108,"children":{"GenerateSensorData":{"count":995,"self":0.984339,"total":0.984339,"children":null}}}}}}}