{"count":1,"gauges":{"NeosAgent.CumulativeReward":{"count":576,"max":0,"min":0,"value":0,"weightedAverage":0}},"self":1880.8682496,"total":8155.0825325999995,"children":{"AgentSendState":{"count":865226,"self":57.563443199999995,"total":1577.3161065,"children":{"CollectObservations":{"count":865226,"self":1486.262784,"total":1486.262742,"children":null},"CollectDiscreteActionMasks":{"count":865226,"self":4.3349528,"total":4.334953,"children":null},"AgentInfo.ToProto":{"count":865226,"self":13.751817599999999,"total":29.1549677,"children":{"GenerateSensorData":{"count":865226,"self":15.403148799999999,"total":15.403149599999999,"children":null}}}}},"DecideAction":{"count":865226,"self":3944.2300928,"total":3944.2300665999996,"children":null},"AgentAct":{"count":865226,"self":752.6470144,"total":752.66701589999991,"children":{"AgentInfo.ToProto":{"count":576,"self":0.0099995,"total":0.020002,"children":{"GenerateSensorData":{"count":576,"self":0.0100025,"total":0.0100025,"children":null}}}}}}}