{"count":1,"gauges":{"NeosAgent.CumulativeReward":{"count":101,"max":0,"min":0,"value":0,"weightedAverage":0}},"self":161.4751104,"total":4798.9739309999995,"children":{"AgentSendState":{"count":152135,"self":212.6432128,"total":577.38317339999992,"children":{"CollectObservations":{"count":152135,"self":364.00811519999996,"total":364.0081116,"children":null},"CollectDiscreteActionMasks":{"count":152135,"self":0.7318498,"total":0.7318498,"children":null}}},"DecideAction":{"count":152135,"self":0.795325,"total":0.795325,"children":null},"AgentAct":{"count":152135,"self":4059.3186815999998,"total":4059.3187635,"children":null}}}