{"count":1,"gauges":{},"self":6.1523208,"total":15.125952499999999,"children":{"AgentSendState":{"count":2116,"self":1.3090697999999998,"total":4.0969467999999996,"children":{"CollectObservations":{"count":2116,"self":2.7819111999999997,"total":2.7819113,"children":null},"CollectDiscreteActionMasks":{"count":2116,"self":0.0059657,"total":0.0059657,"children":null}}},"DecideAction":{"count":2116,"self":0.0154335,"total":0.0154335,"children":null},"AgentAct":{"count":2116,"self":4.859744,"total":4.8597442,"children":null}}}