{"count":1,"gauges":{},"self":6.1020644,"total":41.8297585,"children":{"AgentInfo.ToProto":{"count":1,"self":0.0020266,"total":0.0045988,"children":{"GenerateSensorData":{"count":1,"self":0.0025721999999999997,"total":0.0025721999999999997,"children":null}}},"AgentSendState":{"count":1311,"self":0.4175753,"total":9.4719047,"children":{"CollectObservations":{"count":10488,"self":8.728823199999999,"total":8.728823,"children":null},"CollectDiscreteActionMasks":{"count":10488,"self":0.0376153,"total":0.0376153,"children":null},"AgentInfo.ToProto":{"count":10488,"self":0.14519189999999998,"total":0.2878911,"children":{"GenerateSensorData":{"count":10488,"self":0.1426992,"total":0.1426992,"children":null}}}}},"DecideAction":{"count":1311,"self":14.5631088,"total":14.5631095,"children":null},"AgentAct":{"count":1311,"self":11.6865688,"total":11.686568999999999,"children":null}}}