{"count":1,"gauges":{"NeosAgent.CumulativeReward":{"count":220,"max":0,"min":0,"value":0,"weightedAverage":0}},"self":1629.35808,"total":14468.693769,"children":{"AgentSendState":{"count":330051,"self":23.366094399999998,"total":846.4871185,"children":{"CollectObservations":{"count":330051,"self":469.73987839999995,"total":469.7398904,"children":null},"CollectDiscreteActionMasks":{"count":330051,"self":1.7289564,"total":1.7289564,"children":null},"AgentInfo.ToProto":{"count":330051,"self":8.0123312,"total":351.6521767,"children":{"GenerateSensorData":{"count":330051,"self":343.6398336,"total":343.6398455,"children":null}}}}},"DecideAction":{"count":330051,"self":6684.1124863999994,"total":6684.112306,"children":null},"AgentAct":{"count":330051,"self":5308.5069312,"total":5308.7331163,"children":{"AgentInfo.ToProto":{"count":220,"self":0.0062499999999999995,"total":0.2261316,"children":{"GenerateSensorData":{"count":220,"self":0.21988159999999998,"total":0.21988159999999998,"children":null}}}}}}}