{"count":1,"gauges":{"NeosAgent.CumulativeReward":{"count":569,"max":0,"min":0,"value":0,"weightedAverage":0}},"self":4502.749184,"total":32241.8524338,"children":{"AgentSendState":{"count":854851,"self":58.606828799999995,"total":1179.3237575,"children":{"CollectObservations":{"count":854851,"self":331.0422016,"total":331.04219559999996,"children":null},"CollectDiscreteActionMasks":{"count":854851,"self":4.2782896,"total":4.2782898,"children":null},"AgentInfo.ToProto":{"count":854851,"self":18.5632576,"total":785.3964403,"children":{"GenerateSensorData":{"count":854851,"self":766.8332032,"total":766.83318339999994,"children":null}}}}},"DecideAction":{"count":854851,"self":8158.65856,"total":8158.6585578999993,"children":null},"AgentAct":{"count":854851,"self":18400.6344704,"total":18401.1196051,"children":{"AgentInfo.ToProto":{"count":569,"self":0.021115599999999998,"total":0.48570379999999996,"children":{"GenerateSensorData":{"count":569,"self":0.4645882,"total":0.4645882,"children":null}}}}}}}